session_id,user_id,started,ended,duration_seconds
1,1,2025-12-15T05:44:18,2025-12-15T05:54:18,600
2,1,2026-04-09T00:36:46,2026-04-09T02:02:46,5160
3,1,2025-10-16T01:50:59,2025-10-16T02:44:59,3240
4,1,2026-01-25T02:33:54,2026-01-25T03:25:54,3120
5,1,2026-04-27T05:24:07,2026-04-27T06:01:07,2220
6,1,2025-12-23T04:45:27,2025-12-23T06:25:27,6000
7,1,2026-04-29T23:32:15,2026-04-29T23:39:15,420
8,1,2025-11-25T03:25:19,2025-11-25T04:15:19,3000
9,2,2025-12-29T07:37:25,2025-12-29T08:26:25,2940
10,2,2025-04-19T10:35:50,2025-04-19T11:10:50,2100
11,3,2026-04-09T07:54:35,2026-04-09T09:37:35,6180
12,3,2025-11-02T20:56:16,2025-11-02T22:15:16,4740
13,4,2026-04-10T17:12:19,2026-04-10T17:34:19,1320
14,4,2026-04-30T09:19:54,2026-04-30T09:29:54,600
15,4,2026-02-09T18:19:04,2026-02-09T19:09:04,3000
16,4,2026-01-31T19:36:27,2026-01-31T20:50:27,4440
17,4,2026-03-15T17:53:23,2026-03-15T18:41:23,2880
18,4,2026-05-30T04:52:58,2026-05-30T06:41:58,6540
19,5,2025-05-10T06:13:56,2025-05-10T08:04:56,6660
20,5,2026-02-27T17:29:37,2026-02-27T19:13:37,6240
21,5,2026-02-20T17:14:56,2026-02-20T18:46:56,5520
22,6,2024-12-12T19:35:52,2024-12-12T21:09:52,5640
23,6,2026-03-22T14:04:23,2026-03-22T15:10:23,3960
24,6,2025-08-21T03:38:37,2025-08-21T05:03:37,5100
25,6,2025-12-26T21:12:27,2025-12-26T21:40:27,1680
26,6,2024-12-27T12:00:35,2024-12-27T13:48:35,6480
27,6,2025-03-09T06:18:08,2025-03-09T06:40:08,1320
28,6,2025-09-20T07:23:19,2025-09-20T07:36:19,780
29,6,2025-08-08T05:24:56,2025-08-08T07:00:56,5760
30,7,2025-05-30T12:29:10,2025-05-30T12:38:10,540
31,7,2025-01-09T12:34:30,2025-01-09T13:16:30,2520
32,7,2025-05-31T14:56:36,2025-05-31T15:26:36,1800
33,7,2026-02-09T05:04:17,2026-02-09T05:14:17,600
34,7,2025-01-25T16:54:34,2025-01-25T18:40:34,6360
35,7,2025-01-31T01:28:03,2025-01-31T01:58:03,1800
36,7,2025-12-08T00:17:25,2025-12-08T02:15:25,7080
37,7,2025-01-18T06:59:11,2025-01-18T07:09:11,600
38,8,2026-05-05T07:38:57,2026-05-05T08:22:57,2640
39,8,2025-11-09T07:21:35,2025-11-09T08:31:35,4200
40,8,2026-05-09T09:11:08,2026-05-09T10:06:08,3300
41,8,2024-12-28T05:20:35,2024-12-28T07:09:35,6540
42,8,2024-12-30T06:23:15,2024-12-30T07:37:15,4440
43,8,2026-02-15T23:38:38,2026-02-16T00:43:38,3900
44,9,2026-03-31T11:37:00,2026-03-31T11:46:00,540
45,9,2026-04-14T22:54:38,2026-04-15T00:35:38,6060
46,9,2026-01-30T06:11:15,2026-01-30T07:38:15,5220
47,9,2026-02-18T15:53:37,2026-02-18T16:22:37,1740
48,9,2026-04-10T15:46:42,2026-04-10T16:27:42,2460
49,10,2025-12-07T22:12:01,2025-12-08T00:07:01,6900
50,10,2025-07-18T10:19:59,2025-07-18T12:03:59,6240
51,10,2025-02-04T06:40:29,2025-02-04T06:51:29,660
52,10,2025-10-16T15:40:40,2025-10-16T17:35:40,6900
53,10,2026-04-02T09:38:02,2026-04-02T11:06:02,5280
54,10,2026-03-13T17:22:17,2026-03-13T18:09:17,2820
55,11,2026-01-29T21:16:41,2026-01-29T21:36:41,1200
56,11,2026-03-13T19:49:15,2026-03-13T21:36:15,6420
57,11,2026-04-16T17:17:31,2026-04-16T18:09:31,3120
58,11,2026-04-06T18:56:44,2026-04-06T19:56:44,3600
59,11,2026-05-01T21:48:11,2026-05-01T23:46:11,7080
60,12,2026-04-11T22:56:50,2026-04-12T00:36:50,6000
61,12,2026-03-30T02:56:49,2026-03-30T03:57:49,3660
62,12,2026-01-24T22:47:22,2026-01-25T00:46:22,7140
63,12,2026-02-18T14:11:35,2026-02-18T15:05:35,3240
64,12,2026-02-14T02:02:04,2026-02-14T02:50:04,2880
65,12,2026-01-13T21:15:05,2026-01-13T21:43:05,1680
66,12,2026-03-08T02:27:43,2026-03-08T03:35:43,4080
67,13,2026-04-30T03:45:40,2026-04-30T04:37:40,3120
68,13,2026-05-27T16:41:01,2026-05-27T18:28:01,6420
69,13,2026-05-26T00:37:11,2026-05-26T01:48:11,4260
70,13,2026-05-10T07:21:27,2026-05-10T08:00:27,2340
71,13,2026-05-27T16:50:12,2026-05-27T18:37:12,6420
72,13,2026-05-09T19:49:34,2026-05-09T20:04:34,900
73,13,2026-04-29T11:37:56,2026-04-29T13:15:56,5880
74,13,2026-05-02T13:58:02,2026-05-02T14:57:02,3540
75,14,2026-05-04T15:44:47,2026-05-04T16:44:47,3600
76,14,2026-04-04T20:29:48,2026-04-04T21:51:48,4920
77,15,2024-09-26T09:57:56,2024-09-26T11:11:56,4440
78,15,2025-02-05T12:15:48,2025-02-05T12:57:48,2520
79,15,2024-10-03T00:54:44,2024-10-03T01:40:44,2760
80,16,2025-09-19T00:11:23,2025-09-19T00:26:23,900
81,16,2026-01-13T03:13:00,2026-01-13T03:59:00,2760
82,17,2025-06-22T21:53:29,2025-06-22T22:37:29,2640
83,17,2026-06-02T05:34:46,2026-06-02T06:36:46,3720
84,17,2025-10-30T17:44:33,2025-10-30T19:06:33,4920
85,17,2025-12-01T04:12:25,2025-12-01T05:48:25,5760
86,17,2026-05-10T21:47:48,2026-05-10T22:46:48,3540
87,18,2024-12-13T05:57:26,2024-12-13T07:30:26,5580
88,18,2025-08-22T16:20:34,2025-08-22T17:21:34,3660
89,18,2024-10-10T14:45:55,2024-10-10T15:34:55,2940
90,19,2026-01-11T03:33:04,2026-01-11T03:43:04,600
91,19,2026-05-14T16:05:41,2026-05-14T17:43:41,5880
92,19,2025-09-14T20:17:49,2025-09-14T22:13:49,6960
93,19,2025-09-18T20:38:45,2025-09-18T21:28:45,3000
94,19,2025-06-30T10:30:31,2025-06-30T11:53:31,4980
95,19,2025-01-03T01:04:44,2025-01-03T02:04:44,3600
96,19,2026-02-27T17:38:54,2026-02-27T18:18:54,2400
97,19,2025-06-30T16:08:12,2025-06-30T17:34:12,5160
98,20,2026-05-06T03:15:46,2026-05-06T03:29:46,840
99,21,2025-10-04T03:40:36,2025-10-04T04:31:36,3060
100,21,2025-04-18T21:01:38,2025-04-18T22:11:38,4200
101,21,2025-02-03T05:53:22,2025-02-03T07:40:22,6420
102,21,2025-02-05T06:27:01,2025-02-05T08:07:01,6000
103,21,2026-04-17T19:51:28,2026-04-17T21:22:28,5460
104,21,2025-10-22T18:54:20,2025-10-22T19:19:20,1500
105,21,2025-08-24T04:06:52,2025-08-24T04:14:52,480
106,22,2025-10-27T21:00:47,2025-10-27T22:53:47,6780
107,22,2025-10-18T04:26:13,2025-10-18T05:48:13,4920
108,22,2025-11-30T14:54:21,2025-11-30T16:25:21,5460
109,23,2026-06-03T03:52:09,2026-06-03T04:01:09,540
110,23,2026-04-11T19:48:24,2026-04-11T20:09:24,1260
111,23,2025-07-23T17:14:21,2025-07-23T17:27:21,780
112,23,2026-03-21T04:32:22,2026-03-21T05:07:22,2100
113,23,2026-03-13T10:58:25,2026-03-13T12:42:25,6240
114,23,2026-03-10T15:09:32,2026-03-10T16:36:32,5220
115,23,2025-08-09T21:38:53,2025-08-09T22:29:53,3060
116,23,2025-07-26T05:16:41,2025-07-26T06:07:41,3060
117,24,2026-02-19T02:58:00,2026-02-19T04:15:00,4620
118,24,2026-01-25T12:47:38,2026-01-25T12:56:38,540
119,24,2025-10-28T04:43:32,2025-10-28T06:05:32,4920
120,24,2025-12-21T07:54:34,2025-12-21T08:18:34,1440
121,24,2025-11-29T04:00:48,2025-11-29T05:31:48,5460
122,24,2025-11-28T15:08:23,2025-11-28T16:10:23,3720
123,24,2026-04-12T00:48:35,2026-04-12T01:40:35,3120
124,25,2025-06-09T05:15:02,2025-06-09T06:16:02,3660
125,25,2024-10-12T15:40:31,2024-10-12T17:22:31,6120
126,25,2025-05-19T10:55:54,2025-05-19T11:09:54,840
127,25,2024-11-15T06:57:10,2024-11-15T08:15:10,4680
128,25,2025-01-28T02:56:45,2025-01-28T03:18:45,1320
129,25,2025-06-20T02:30:01,2025-06-20T03:42:01,4320
130,26,2025-11-20T02:33:10,2025-11-20T03:28:10,3300
131,26,2025-09-13T08:49:34,2025-09-13T09:34:34,2700
132,26,2026-02-03T04:27:57,2026-02-03T05:55:57,5280
133,26,2026-03-16T19:35:30,2026-03-16T20:15:30,2400
134,26,2025-09-22T02:45:48,2025-09-22T03:21:48,2160
135,26,2025-09-03T17:42:19,2025-09-03T18:01:19,1140
136,27,2026-03-28T03:17:09,2026-03-28T04:56:09,5940
137,28,2026-03-28T06:43:01,2026-03-28T07:51:01,4080
138,28,2026-05-24T15:33:56,2026-05-24T16:44:56,4260
139,28,2025-12-16T04:10:16,2025-12-16T05:04:16,3240
140,29,2025-11-28T03:49:04,2025-11-28T04:27:04,2280
141,29,2026-01-22T17:45:44,2026-01-22T19:29:44,6240
142,30,2026-01-03T04:31:58,2026-01-03T06:06:58,5700
143,30,2026-02-18T19:29:37,2026-02-18T20:31:37,3720
144,30,2026-03-06T04:43:07,2026-03-06T05:15:07,1920
145,30,2026-03-05T08:45:35,2026-03-05T10:08:35,4980
146,30,2026-01-12T09:36:05,2026-01-12T10:17:05,2460
147,31,2026-01-05T04:14:01,2026-01-05T04:44:01,1800
148,31,2025-08-25T04:47:19,2025-08-25T05:07:19,1200
149,31,2025-10-05T08:47:47,2025-10-05T09:09:47,1320
150,31,2025-12-27T14:33:09,2025-12-27T16:27:09,6840
151,31,2025-08-03T06:21:24,2025-08-03T06:35:24,840
152,31,2026-01-01T01:15:42,2026-01-01T02:17:42,3720
153,31,2025-11-13T10:08:19,2025-11-13T10:35:19,1620
154,31,2026-06-02T22:20:05,2026-06-03T00:20:05,7200
155,32,2026-04-15T10:12:31,2026-04-15T10:28:31,960
156,32,2025-12-04T13:40:08,2025-12-04T15:28:08,6480
157,32,2026-03-21T13:40:08,2026-03-21T15:12:08,5520
158,32,2026-05-10T00:27:02,2026-05-10T02:20:02,6780
159,32,2025-08-25T05:51:36,2025-08-25T06:36:36,2700
160,32,2025-09-21T12:11:27,2025-09-21T13:41:27,5400
161,32,2025-12-13T11:16:22,2025-12-13T12:05:22,2940
162,32,2025-10-13T02:28:36,2025-10-13T04:03:36,5700
163,33,2025-01-07T19:20:25,2025-01-07T20:35:25,4500
164,33,2026-02-16T05:50:09,2026-02-16T07:04:09,4440
165,34,2026-03-01T19:15:10,2026-03-01T21:14:10,7140
166,34,2025-12-16T15:18:39,2025-12-16T16:01:39,2580
167,34,2025-06-12T17:51:03,2025-06-12T19:44:03,6780
168,34,2026-03-06T13:19:22,2026-03-06T13:44:22,1500
169,34,2025-09-18T20:41:38,2025-09-18T22:17:38,5760
170,35,2025-09-28T01:20:57,2025-09-28T03:06:57,6360
171,35,2025-09-25T07:53:26,2025-09-25T08:44:26,3060
172,35,2026-04-20T17:27:36,2026-04-20T18:37:36,4200
173,36,2026-01-12T13:39:16,2026-01-12T13:59:16,1200
174,36,2026-02-01T19:28:58,2026-02-01T19:58:58,1800
175,36,2026-02-23T18:34:52,2026-02-23T20:20:52,6360
176,36,2025-05-09T12:25:52,2025-05-09T12:47:52,1320
177,37,2026-03-06T21:46:37,2026-03-06T23:32:37,6360
178,37,2026-06-02T11:21:05,2026-06-02T12:29:05,4080
179,37,2026-03-11T10:02:44,2026-03-11T10:10:44,480
180,37,2026-03-31T22:42:22,2026-03-31T23:33:22,3060
181,38,2026-04-18T00:25:14,2026-04-18T01:29:14,3840
182,38,2026-04-17T23:06:53,2026-04-18T00:53:53,6420
183,38,2026-05-04T04:49:09,2026-05-04T06:04:09,4500
184,38,2026-05-20T13:37:10,2026-05-20T13:58:10,1260
185,38,2026-04-23T00:06:37,2026-04-23T01:29:37,4980
186,38,2026-05-05T06:28:40,2026-05-05T08:26:40,7080
187,39,2025-09-02T20:48:03,2025-09-02T21:01:03,780
188,39,2025-09-14T23:36:28,2025-09-15T00:20:28,2640
189,40,2026-01-23T06:13:33,2026-01-23T07:49:33,5760
190,40,2026-05-15T19:32:36,2026-05-15T21:09:36,5820
191,40,2026-01-31T11:05:12,2026-01-31T12:11:12,3960
192,40,2026-04-06T22:44:45,2026-04-06T23:56:45,4320
193,40,2026-05-23T04:35:50,2026-05-23T05:32:50,3420
194,40,2026-05-08T21:07:35,2026-05-08T22:50:35,6180
195,40,2026-05-05T07:09:53,2026-05-05T08:06:53,3420
196,41,2026-06-02T13:43:31,2026-06-02T14:04:31,1260
197,41,2026-04-23T11:46:18,2026-04-23T12:31:18,2700
198,42,2025-04-27T17:06:43,2025-04-27T18:08:43,3720
199,42,2025-03-14T19:45:16,2025-03-14T20:49:16,3840
200,43,2026-04-08T11:13:57,2026-04-08T11:34:57,1260
201,43,2026-04-17T11:46:44,2026-04-17T13:43:44,7020
202,43,2026-01-29T10:17:10,2026-01-29T12:08:10,6660
203,43,2026-01-14T18:26:25,2026-01-14T20:10:25,6240
204,43,2026-01-19T23:56:12,2026-01-20T01:11:12,4500
205,43,2026-02-14T06:34:44,2026-02-14T08:00:44,5160
206,44,2025-08-09T01:40:23,2025-08-09T03:23:23,6180
207,44,2025-12-18T10:16:34,2025-12-18T10:37:34,1260
208,44,2026-04-19T13:12:32,2026-04-19T14:12:32,3600
209,45,2025-10-28T00:31:16,2025-10-28T02:22:16,6660
210,46,2025-03-04T08:01:15,2025-03-04T09:12:15,4260
211,46,2025-01-14T05:22:18,2025-01-14T05:46:18,1440
212,47,2025-09-24T21:13:51,2025-09-24T21:39:51,1560
213,47,2026-01-29T09:25:02,2026-01-29T09:50:02,1500
214,47,2025-12-15T05:07:54,2025-12-15T05:53:54,2760
215,47,2024-12-20T13:57:19,2024-12-20T15:32:19,5700
216,47,2024-11-29T19:50:54,2024-11-29T20:23:54,1980
217,48,2026-01-10T23:47:34,2026-01-11T00:58:34,4260
218,48,2025-05-03T23:02:43,2025-05-04T01:01:43,7140
219,48,2025-12-17T07:56:07,2025-12-17T08:37:07,2460
220,48,2025-06-13T09:15:18,2025-06-13T11:08:18,6780
221,48,2025-03-02T06:43:49,2025-03-02T06:58:49,900
222,48,2025-08-17T11:33:26,2025-08-17T12:10:26,2220
223,49,2026-02-01T12:58:28,2026-02-01T14:24:28,5160
224,49,2026-03-07T14:49:54,2026-03-07T16:04:54,4500
225,49,2026-03-31T22:30:17,2026-03-31T23:10:17,2400
226,49,2026-03-15T12:31:17,2026-03-15T12:52:17,1260
227,50,2025-06-24T03:00:46,2025-06-24T04:23:46,4980
228,50,2026-01-27T22:45:04,2026-01-27T23:58:04,4380
229,50,2026-04-19T12:42:56,2026-04-19T12:58:56,960
230,50,2025-10-14T13:43:37,2025-10-14T14:52:37,4140
231,50,2026-04-08T10:34:05,2026-04-08T12:01:05,5220
232,51,2024-08-29T14:59:33,2024-08-29T16:19:33,4800
233,51,2026-01-24T07:01:54,2026-01-24T08:20:54,4740
234,51,2026-05-20T05:05:04,2026-05-20T05:29:04,1440
235,52,2025-10-20T23:15:56,2025-10-21T00:44:56,5340
236,52,2025-04-05T17:33:14,2025-04-05T18:57:14,5040
237,52,2026-01-13T11:11:30,2026-01-13T12:48:30,5820
238,53,2025-06-15T17:10:20,2025-06-15T19:02:20,6720
239,53,2025-07-09T13:32:52,2025-07-09T14:49:52,4620
240,53,2025-10-18T16:10:55,2025-10-18T16:20:55,600
241,53,2025-06-24T21:55:34,2025-06-24T23:45:34,6600
242,53,2025-06-18T09:28:30,2025-06-18T11:23:30,6900
243,53,2026-05-30T23:00:58,2026-05-30T23:08:58,480
244,54,2024-12-18T00:30:17,2024-12-18T00:40:17,600
245,54,2025-03-18T19:41:04,2025-03-18T21:08:04,5220
246,55,2025-10-15T20:00:00,2025-10-15T21:28:00,5280
247,55,2025-08-21T14:06:13,2025-08-21T14:37:13,1860
248,55,2025-12-02T07:26:03,2025-12-02T09:09:03,6180
249,55,2025-08-16T03:00:41,2025-08-16T04:18:41,4680
250,55,2025-10-02T00:41:56,2025-10-02T01:39:56,3480
251,56,2026-05-13T11:57:01,2026-05-13T13:05:01,4080
252,57,2026-03-13T18:30:53,2026-03-13T19:57:53,5220
253,57,2025-09-10T08:51:37,2025-09-10T09:34:37,2580
254,57,2025-04-07T18:34:52,2025-04-07T19:40:52,3960
255,57,2025-05-10T00:11:21,2025-05-10T00:47:21,2160
256,57,2026-01-22T07:38:44,2026-01-22T09:26:44,6480
257,58,2026-01-02T12:56:14,2026-01-02T13:39:14,2580
258,58,2025-10-04T05:00:33,2025-10-04T06:03:33,3780
259,58,2025-09-18T11:08:20,2025-09-18T11:22:20,840
260,58,2026-01-24T15:03:47,2026-01-24T16:36:47,5580
261,58,2025-11-06T21:25:06,2025-11-06T21:37:06,720
262,58,2026-05-22T12:25:04,2026-05-22T12:50:04,1500
263,58,2025-12-27T19:41:27,2025-12-27T20:42:27,3660
264,59,2025-05-02T02:57:15,2025-05-02T04:03:15,3960
265,59,2025-12-05T19:15:32,2025-12-05T20:19:32,3840
266,59,2026-03-01T02:54:59,2026-03-01T03:25:59,1860
267,59,2025-11-24T19:30:36,2025-11-24T20:18:36,2880
268,59,2026-03-08T06:54:35,2026-03-08T08:16:35,4920
269,59,2025-01-04T03:06:15,2025-01-04T03:29:15,1380
270,59,2025-03-24T12:19:42,2025-03-24T13:04:42,2700
271,60,2026-03-08T16:26:42,2026-03-08T18:04:42,5880
272,60,2026-03-23T00:25:35,2026-03-23T02:20:35,6900
273,60,2026-03-01T01:41:11,2026-03-01T02:30:11,2940
274,60,2026-05-04T18:27:16,2026-05-04T19:23:16,3360
275,60,2026-03-22T19:57:01,2026-03-22T20:18:01,1260
276,60,2026-05-16T12:44:04,2026-05-16T14:26:04,6120
277,61,2024-10-15T21:33:12,2024-10-15T22:43:12,4200
278,61,2024-08-10T09:32:35,2024-08-10T10:48:35,4560
279,61,2025-03-05T08:08:55,2025-03-05T08:26:55,1080
280,61,2025-04-18T03:23:36,2025-04-18T04:08:36,2700
281,61,2026-03-19T06:35:31,2026-03-19T07:10:31,2100
282,61,2026-05-08T10:27:20,2026-05-08T11:31:20,3840
283,62,2025-12-31T16:55:54,2025-12-31T17:34:54,2340
284,62,2026-03-03T10:31:12,2026-03-03T11:33:12,3720
285,63,2025-08-17T14:10:38,2025-08-17T14:33:38,1380
286,63,2026-02-16T21:26:40,2026-02-16T21:43:40,1020
287,63,2025-09-01T21:54:28,2025-09-01T22:05:28,660
288,63,2026-02-11T00:23:31,2026-02-11T01:05:31,2520
289,64,2025-09-04T13:56:38,2025-09-04T15:51:38,6900
290,64,2025-12-11T00:21:42,2025-12-11T01:44:42,4980
291,64,2026-05-25T15:02:54,2026-05-25T16:00:54,3480
292,64,2026-03-01T02:19:50,2026-03-01T02:55:50,2160
293,64,2025-12-31T11:32:59,2025-12-31T13:27:59,6900
294,64,2026-03-24T16:49:21,2026-03-24T18:49:21,7200
295,64,2026-05-13T17:28:32,2026-05-13T17:53:32,1500
296,65,2025-01-08T03:49:58,2025-01-08T05:07:58,4680
297,65,2025-03-12T23:51:13,2025-03-13T01:28:13,5820
298,65,2025-01-14T08:00:08,2025-01-14T08:45:08,2700
299,65,2026-05-24T09:43:29,2026-05-24T10:12:29,1740
300,65,2026-06-01T20:37:49,2026-06-01T22:19:49,6120
301,65,2025-01-25T15:14:43,2025-01-25T15:39:43,1500
302,66,2026-02-09T09:56:20,2026-02-09T11:06:20,4200
303,66,2025-04-14T10:15:55,2025-04-14T11:19:55,3840
304,66,2025-08-12T11:44:21,2025-08-12T12:52:21,4080
305,66,2025-12-09T04:36:00,2025-12-09T06:33:00,7020
306,66,2026-02-08T23:06:13,2026-02-08T23:50:13,2640
307,66,2025-10-04T22:23:12,2025-10-04T23:31:12,4080
308,66,2025-10-19T09:49:59,2025-10-19T09:56:59,420
309,66,2025-07-27T19:52:37,2025-07-27T20:08:37,960
310,67,2026-04-08T22:29:18,2026-04-08T23:38:18,4140
311,67,2026-02-01T01:32:12,2026-02-01T02:35:12,3780
312,67,2024-10-28T07:48:44,2024-10-28T08:23:44,2100
313,67,2025-05-29T11:51:30,2025-05-29T12:23:30,1920
314,67,2024-09-04T10:38:34,2024-09-04T11:57:34,4740
315,67,2026-06-03T06:06:07,2026-06-03T06:56:07,3000
316,67,2025-08-05T23:03:42,2025-08-05T23:14:42,660
317,68,2025-11-02T07:50:15,2025-11-02T08:31:15,2460
318,69,2025-06-22T21:22:05,2025-06-22T22:43:05,4860
319,69,2026-01-11T09:44:07,2026-01-11T11:41:07,7020
320,69,2025-10-17T11:09:59,2025-10-17T13:01:59,6720
321,69,2025-09-12T22:13:52,2025-09-12T23:41:52,5280
322,69,2025-07-14T15:44:54,2025-07-14T17:15:54,5460
323,69,2025-07-11T00:39:26,2025-07-11T01:44:26,3900
324,69,2025-02-06T06:11:53,2025-02-06T06:52:53,2460
325,69,2025-06-17T21:15:40,2025-06-17T22:28:40,4380
326,70,2026-04-19T01:32:17,2026-04-19T03:25:17,6780
327,71,2026-02-10T22:08:24,2026-02-10T23:08:24,3600
328,71,2026-01-22T15:17:08,2026-01-22T15:39:08,1320
329,72,2025-10-25T12:54:49,2025-10-25T14:32:49,5880
330,72,2026-01-14T23:29:56,2026-01-15T00:20:56,3060
331,72,2026-02-11T22:47:04,2026-02-12T00:29:04,6120
332,72,2026-06-04T16:54:31,2026-06-04T17:50:31,3360
333,72,2026-04-14T09:52:14,2026-04-14T10:43:14,3060
334,73,2026-05-13T07:29:51,2026-05-13T08:25:51,3360
335,74,2026-05-27T12:40:33,2026-05-27T13:57:33,4620
336,75,2025-11-25T06:16:05,2025-11-25T07:07:05,3060
337,75,2025-04-03T11:41:54,2025-04-03T12:56:54,4500
338,75,2025-06-10T15:18:47,2025-06-10T15:59:47,2460
339,75,2025-10-01T22:35:29,2025-10-01T22:49:29,840
340,76,2025-11-04T22:49:06,2025-11-04T23:58:06,4140
341,76,2026-04-10T01:56:03,2026-04-10T02:58:03,3720
342,76,2025-12-08T16:46:18,2025-12-08T18:28:18,6120
343,76,2025-09-11T11:01:43,2025-09-11T12:16:43,4500
344,76,2025-10-08T16:49:50,2025-10-08T17:29:50,2400
345,76,2026-04-16T06:53:34,2026-04-16T08:43:34,6600
346,76,2026-02-12T08:52:25,2026-02-12T10:16:25,5040
347,77,2025-07-28T00:24:56,2025-07-28T00:45:56,1260
348,77,2026-05-21T09:24:18,2026-05-21T09:41:18,1020
349,78,2026-05-06T03:00:49,2026-05-06T03:52:49,3120
350,78,2026-02-03T07:50:06,2026-02-03T09:36:06,6360
351,78,2026-02-27T03:44:08,2026-02-27T04:32:08,2880
352,78,2026-04-01T03:07:50,2026-04-01T04:23:50,4560
353,78,2026-03-13T17:23:49,2026-03-13T18:14:49,3060
354,78,2025-12-26T20:56:28,2025-12-26T22:37:28,6060
355,78,2026-02-17T05:08:00,2026-02-17T05:31:00,1380
356,79,2025-10-20T00:48:14,2025-10-20T02:10:14,4920
357,79,2024-12-23T19:44:56,2024-12-23T20:54:56,4200
358,79,2025-02-12T00:47:44,2025-02-12T01:43:44,3360
359,79,2024-09-01T15:50:55,2024-09-01T16:59:55,4140
360,80,2026-01-12T06:45:56,2026-01-12T06:55:56,600
361,81,2026-04-19T03:00:51,2026-04-19T03:22:51,1320
362,82,2024-11-30T11:40:52,2024-11-30T13:27:52,6420
363,82,2026-01-07T00:10:16,2026-01-07T01:15:16,3900
364,82,2026-01-21T09:37:34,2026-01-21T10:48:34,4260
365,82,2026-05-16T16:05:55,2026-05-16T17:08:55,3780
366,82,2026-05-04T01:34:30,2026-05-04T01:58:30,1440
367,82,2025-05-01T05:09:16,2025-05-01T06:31:16,4920
368,83,2026-04-07T08:15:19,2026-04-07T09:01:19,2760
369,83,2026-04-20T08:51:06,2026-04-20T10:14:06,4980
370,83,2026-02-09T04:57:42,2026-02-09T05:42:42,2700
371,84,2025-09-29T09:46:45,2025-09-29T10:41:45,3300
372,84,2026-05-14T22:51:47,2026-05-15T00:14:47,4980
373,84,2025-09-16T18:12:58,2025-09-16T19:51:58,5940
374,85,2026-01-03T09:41:26,2026-01-03T11:01:26,4800
375,85,2026-05-26T19:24:09,2026-05-26T20:12:09,2880
376,85,2024-11-10T22:26:10,2024-11-10T23:35:10,4140
377,85,2026-02-16T04:26:37,2026-02-16T06:17:37,6660
378,85,2025-03-27T09:39:53,2025-03-27T10:49:53,4200
379,86,2026-05-19T17:46:50,2026-05-19T19:21:50,5700
380,86,2026-04-30T12:47:06,2026-04-30T14:04:06,4620
381,86,2026-06-04T06:04:22,2026-06-04T06:47:22,2580
382,86,2026-05-10T03:43:27,2026-05-10T04:48:27,3900
383,86,2026-05-02T04:09:39,2026-05-02T05:58:39,6540
384,86,2026-05-09T13:45:38,2026-05-09T13:52:38,420
385,86,2026-04-29T05:01:34,2026-04-29T05:53:34,3120
386,86,2026-05-24T07:58:27,2026-05-24T08:45:27,2820
387,87,2025-03-11T20:10:29,2025-03-11T21:08:29,3480
388,87,2025-04-30T23:31:00,2025-05-01T00:50:00,4740
389,88,2026-05-19T23:57:32,2026-05-20T01:43:32,6360
390,88,2026-05-15T23:43:14,2026-05-16T01:43:14,7200
391,88,2026-04-26T01:45:40,2026-04-26T03:22:40,5820
392,88,2026-06-03T10:21:33,2026-06-03T12:17:33,6960
393,88,2026-05-08T09:30:43,2026-05-08T11:03:43,5580
394,89,2025-07-04T00:24:53,2025-07-04T01:45:53,4860
395,90,2026-05-27T00:10:41,2026-05-27T00:48:41,2280
396,90,2025-03-27T17:27:20,2025-03-27T18:55:20,5280
397,90,2025-11-18T10:31:40,2025-11-18T12:16:40,6300
398,90,2025-11-05T06:20:51,2025-11-05T08:04:51,6240
399,90,2025-09-06T15:58:39,2025-09-06T17:17:39,4740
400,90,2026-02-24T07:35:03,2026-02-24T08:53:03,4680
401,90,2025-12-02T17:02:57,2025-12-02T17:36:57,2040
402,90,2026-03-23T13:53:47,2026-03-23T15:30:47,5820
403,91,2025-12-16T05:06:48,2025-12-16T06:25:48,4740
404,92,2025-11-11T01:13:49,2025-11-11T01:39:49,1560
405,92,2026-02-09T17:18:17,2026-02-09T18:30:17,4320
406,92,2025-08-14T07:50:38,2025-08-14T09:15:38,5100
407,92,2025-12-07T20:29:22,2025-12-07T22:06:22,5820
408,92,2025-11-23T02:25:02,2025-11-23T03:49:02,5040
409,92,2026-03-27T14:09:09,2026-03-27T15:53:09,6240
410,92,2026-05-08T07:36:59,2026-05-08T09:28:59,6720
411,92,2026-05-31T02:17:06,2026-05-31T03:10:06,3180
412,93,2025-12-16T19:28:37,2025-12-16T21:18:37,6600
413,93,2025-11-13T20:11:25,2025-11-13T21:43:25,5520
414,93,2026-01-30T02:55:10,2026-01-30T03:31:10,2160
415,94,2026-05-04T01:51:26,2026-05-04T03:09:26,4680
416,95,2025-11-30T21:08:55,2025-11-30T21:37:55,1740
417,95,2025-05-27T01:39:00,2025-05-27T01:46:00,420
418,96,2026-05-15T22:08:37,2026-05-15T22:53:37,2700
419,96,2025-04-09T22:10:54,2025-04-09T23:08:54,3480
420,96,2026-03-16T01:44:03,2026-03-16T02:08:03,1440
421,96,2025-06-07T14:33:07,2025-06-07T15:30:07,3420
422,96,2025-04-01T23:31:09,2025-04-02T01:04:09,5580
423,96,2025-03-13T03:57:53,2025-03-13T04:28:53,1860
424,96,2025-01-31T22:47:27,2025-01-31T23:44:27,3420
425,96,2024-10-28T11:14:10,2024-10-28T12:23:10,4140
426,97,2025-04-24T13:58:53,2025-04-24T15:54:53,6960
427,97,2025-09-25T20:41:27,2025-09-25T22:34:27,6780
428,97,2026-03-23T17:40:43,2026-03-23T19:19:43,5940
429,97,2025-05-15T06:06:42,2025-05-15T07:44:42,5880
430,97,2026-03-08T10:04:04,2026-03-08T10:16:04,720
431,97,2026-02-04T14:14:08,2026-02-04T15:49:08,5700
432,97,2025-08-17T17:01:50,2025-08-17T17:23:50,1320
433,97,2026-01-11T22:22:21,2026-01-11T23:33:21,4260
434,98,2026-03-27T02:24:22,2026-03-27T03:40:22,4560
435,98,2026-01-12T12:37:01,2026-01-12T13:23:01,2760
436,98,2025-09-13T14:44:50,2025-09-13T16:13:50,5340
437,98,2025-06-30T17:28:37,2025-06-30T18:34:37,3960
438,99,2026-04-08T11:07:24,2026-04-08T11:52:24,2700
439,99,2026-05-02T23:31:36,2026-05-02T23:58:36,1620
440,99,2024-11-19T04:40:43,2024-11-19T05:43:43,3780
441,99,2025-02-05T16:14:49,2025-02-05T17:27:49,4380
442,99,2025-10-11T02:36:55,2025-10-11T03:24:55,2880
443,99,2025-05-03T20:48:37,2025-05-03T22:02:37,4440
444,99,2025-03-31T12:04:52,2025-03-31T12:54:52,3000
445,100,2026-05-27T20:30:31,2026-05-27T21:53:31,4980
446,100,2026-05-07T02:42:40,2026-05-07T03:48:40,3960
447,100,2025-11-27T04:51:42,2025-11-27T05:20:42,1740
448,100,2026-02-12T11:29:19,2026-02-12T12:05:19,2160
449,100,2025-12-24T19:56:11,2025-12-24T20:36:11,2400
450,101,2025-12-19T01:42:51,2025-12-19T02:15:51,1980
451,101,2025-04-12T02:16:12,2025-04-12T02:59:12,2580
452,101,2025-12-25T10:13:36,2025-12-25T11:56:36,6180
453,101,2026-06-01T01:12:00,2026-06-01T01:53:00,2460
454,101,2026-02-15T01:39:54,2026-02-15T03:14:54,5700
455,102,2026-03-20T19:28:52,2026-03-20T21:01:52,5580
456,102,2026-03-27T21:42:34,2026-03-27T23:17:34,5700
457,102,2026-02-01T21:24:58,2026-02-01T22:31:58,4020
458,102,2026-06-04T18:12:21,2026-06-04T18:57:21,2700
459,103,2026-05-08T23:09:25,2026-05-08T23:58:25,2940
460,103,2026-06-02T02:56:50,2026-06-02T04:12:50,4560
461,103,2026-05-02T19:35:09,2026-05-02T21:21:09,6360
462,103,2026-05-10T06:17:23,2026-05-10T07:54:23,5820
463,103,2026-01-18T21:31:59,2026-01-18T22:11:59,2400
464,103,2026-05-21T10:21:37,2026-05-21T11:02:37,2460
465,103,2026-05-11T21:01:41,2026-05-11T21:21:41,1200
466,103,2026-02-26T17:54:51,2026-02-26T19:12:51,4680
467,104,2026-01-25T12:31:05,2026-01-25T14:30:05,7140
468,104,2026-02-06T04:48:21,2026-02-06T05:43:21,3300
469,104,2026-05-11T22:56:36,2026-05-12T00:45:36,6540
470,104,2026-04-27T16:50:54,2026-04-27T17:39:54,2940
471,104,2026-01-22T10:00:36,2026-01-22T11:43:36,6180
472,104,2026-02-05T03:30:38,2026-02-05T05:17:38,6420
473,104,2026-04-10T07:59:12,2026-04-10T08:22:12,1380
474,105,2024-09-28T19:15:19,2024-09-28T19:25:19,600
475,105,2026-02-04T20:18:05,2026-02-04T20:59:05,2460
476,105,2025-03-09T13:13:11,2025-03-09T14:49:11,5760
477,105,2025-01-28T18:08:17,2025-01-28T18:23:17,900
478,105,2025-02-26T15:59:52,2025-02-26T16:48:52,2940
479,106,2026-01-29T17:10:21,2026-01-29T18:38:21,5280
480,106,2026-01-23T10:45:20,2026-01-23T11:22:20,2220
481,106,2026-04-19T01:25:49,2026-04-19T03:05:49,6000
482,106,2025-10-22T13:53:05,2025-10-22T14:59:05,3960
483,106,2025-11-14T00:35:11,2025-11-14T01:07:11,1920
484,106,2025-11-18T20:41:25,2025-11-18T21:11:25,1800
485,106,2025-12-20T02:21:35,2025-12-20T04:11:35,6600
486,106,2026-02-17T00:59:39,2026-02-17T02:12:39,4380
487,107,2025-12-09T16:55:23,2025-12-09T18:11:23,4560
488,107,2026-01-02T10:51:37,2026-01-02T12:25:37,5640
489,107,2025-11-05T07:19:52,2025-11-05T07:58:52,2340
490,107,2026-03-21T11:31:26,2026-03-21T11:53:26,1320
491,107,2026-03-18T15:46:35,2026-03-18T16:04:35,1080
492,108,2025-06-30T02:09:13,2025-06-30T02:45:13,2160
493,108,2025-12-11T13:04:56,2025-12-11T13:15:56,660
494,108,2025-10-12T23:32:09,2025-10-13T01:02:09,5400
495,108,2025-09-04T00:40:15,2025-09-04T02:40:15,7200
496,109,2025-08-18T05:16:09,2025-08-18T06:42:09,5160
497,109,2025-10-13T08:44:49,2025-10-13T09:18:49,2040
498,109,2026-01-04T04:55:56,2026-01-04T05:06:56,660
499,109,2025-12-23T07:05:52,2025-12-23T07:22:52,1020
500,110,2026-05-21T23:14:19,2026-05-22T00:01:19,2820
501,110,2026-04-15T21:44:16,2026-04-15T23:20:16,5760
502,110,2026-05-07T13:06:09,2026-05-07T14:11:09,3900
503,110,2025-12-27T06:45:21,2025-12-27T07:02:21,1020
504,110,2026-05-21T03:39:35,2026-05-21T05:11:35,5520
505,110,2026-04-14T06:38:31,2026-04-14T08:21:31,6180
506,110,2026-03-07T08:26:04,2026-03-07T08:48:04,1320
507,111,2025-12-17T18:58:30,2025-12-17T20:13:30,4500
508,112,2024-10-14T15:46:33,2024-10-14T16:43:33,3420
509,112,2025-07-10T07:07:27,2025-07-10T08:35:27,5280
510,112,2025-05-30T00:24:29,2025-05-30T02:21:29,7020
511,113,2026-03-18T19:52:25,2026-03-18T20:58:25,3960
512,113,2025-10-28T15:54:56,2025-10-28T17:22:56,5280
513,113,2026-04-26T15:41:17,2026-04-26T16:11:17,1800
514,113,2026-05-11T11:40:41,2026-05-11T13:21:41,6060
515,113,2026-06-04T11:35:29,2026-06-04T12:16:29,2460
516,113,2026-04-19T18:31:56,2026-04-19T19:17:56,2760
517,113,2025-11-08T22:32:17,2025-11-08T23:13:17,2460
518,113,2025-12-25T05:33:21,2025-12-25T07:00:21,5220
519,114,2026-05-25T02:01:40,2026-05-25T03:44:40,6180
520,115,2026-04-14T09:27:25,2026-04-14T10:55:25,5280
521,115,2025-06-21T03:09:11,2025-06-21T04:27:11,4680
522,116,2026-04-22T20:54:37,2026-04-22T22:07:37,4380
523,116,2026-01-08T11:26:23,2026-01-08T13:05:23,5940
524,116,2026-01-29T06:13:24,2026-01-29T07:50:24,5820
525,116,2026-04-02T12:34:03,2026-04-02T14:27:03,6780
526,117,2026-05-29T06:36:07,2026-05-29T07:03:07,1620
527,118,2025-08-23T00:38:54,2025-08-23T02:35:54,7020
528,118,2026-01-09T18:31:45,2026-01-09T20:23:45,6720
529,118,2025-12-20T07:04:18,2025-12-20T07:31:18,1620
530,118,2026-04-28T12:28:17,2026-04-28T12:37:17,540
531,118,2026-05-02T12:10:43,2026-05-02T14:02:43,6720
532,118,2026-01-15T18:37:19,2026-01-15T19:32:19,3300
533,118,2026-05-19T23:58:37,2026-05-20T01:43:37,6300
534,119,2025-03-30T22:24:07,2025-03-30T22:52:07,1680
535,119,2025-11-20T18:31:44,2025-11-20T20:11:44,6000
536,119,2025-03-01T20:53:59,2025-03-01T22:49:59,6960
537,119,2026-03-21T01:27:20,2026-03-21T02:09:20,2520
538,119,2026-01-11T14:31:53,2026-01-11T16:28:53,7020
539,119,2024-12-13T16:26:10,2024-12-13T16:35:10,540
540,119,2025-09-24T18:48:54,2025-09-24T18:54:54,360
541,119,2026-02-25T11:25:34,2026-02-25T12:08:34,2580
542,120,2025-11-29T10:33:56,2025-11-29T11:20:56,2820
543,120,2025-12-21T12:24:12,2025-12-21T13:05:12,2460
544,121,2026-01-10T22:48:40,2026-01-11T00:15:40,5220
545,121,2025-05-28T10:30:42,2025-05-28T11:44:42,4440
546,121,2026-02-05T15:34:22,2026-02-05T16:46:22,4320
547,121,2025-07-03T04:33:52,2025-07-03T05:41:52,4080
548,121,2025-03-23T02:15:48,2025-03-23T04:13:48,7080
549,121,2025-09-02T02:33:18,2025-09-02T02:55:18,1320
550,121,2025-12-03T11:53:53,2025-12-03T13:46:53,6780
551,121,2025-10-24T07:11:09,2025-10-24T08:20:09,4140
552,122,2026-04-11T08:55:28,2026-04-11T09:34:28,2340
553,122,2026-05-04T23:14:47,2026-05-04T23:43:47,1740
554,122,2026-04-22T13:19:34,2026-04-22T15:07:34,6480
555,122,2026-04-23T14:09:12,2026-04-23T14:28:12,1140
556,122,2026-06-03T17:30:50,2026-06-03T18:17:50,2820
557,122,2026-04-27T15:08:54,2026-04-27T15:33:54,1500
558,122,2026-04-17T20:06:18,2026-04-17T21:44:18,5880
559,122,2026-06-02T20:01:48,2026-06-02T21:04:48,3780
560,123,2026-04-14T18:51:34,2026-04-14T20:27:34,5760
561,123,2026-03-12T21:53:43,2026-03-12T22:21:43,1680
562,123,2026-02-07T19:56:08,2026-02-07T20:02:08,360
563,123,2026-04-24T06:00:49,2026-04-24T07:39:49,5940
564,123,2026-01-26T16:33:27,2026-01-26T17:21:27,2880
565,124,2026-05-13T15:23:00,2026-05-13T16:40:00,4620
566,124,2026-02-08T00:14:42,2026-02-08T01:45:42,5460
567,124,2026-04-06T20:26:31,2026-04-06T22:07:31,6060
568,124,2026-03-13T10:27:34,2026-03-13T10:56:34,1740
569,124,2026-06-04T03:23:58,2026-06-04T03:50:58,1620
570,125,2024-09-09T21:43:11,2024-09-09T23:33:11,6600
571,125,2026-03-17T09:49:13,2026-03-17T10:48:13,3540
572,125,2025-12-06T20:10:05,2025-12-06T21:20:05,4200
573,125,2024-08-18T21:02:48,2024-08-18T21:48:48,2760
574,125,2026-02-24T10:30:24,2026-02-24T10:46:24,960
575,125,2024-08-11T17:01:18,2024-08-11T17:57:18,3360
576,125,2025-01-26T16:16:32,2025-01-26T17:46:32,5400
577,126,2025-05-03T21:56:22,2025-05-03T22:24:22,1680
578,126,2024-12-15T21:29:53,2024-12-15T21:51:53,1320
579,127,2026-05-04T19:08:58,2026-05-04T19:54:58,2760
580,127,2026-03-20T06:24:32,2026-03-20T07:00:32,2160
581,127,2026-03-28T15:10:57,2026-03-28T15:15:57,300
582,127,2026-03-17T17:26:55,2026-03-17T18:04:55,2280
583,127,2026-04-20T10:48:35,2026-04-20T11:42:35,3240
584,127,2026-05-09T11:17:04,2026-05-09T11:52:04,2100
585,127,2026-03-16T13:52:45,2026-03-16T14:54:45,3720
586,127,2026-04-29T05:28:36,2026-04-29T07:09:36,6060
587,128,2024-12-16T09:22:01,2024-12-16T10:09:01,2820
588,128,2025-06-26T07:04:31,2025-06-26T07:47:31,2580
589,128,2025-12-25T09:11:08,2025-12-25T10:30:08,4740
590,128,2025-01-15T02:56:32,2025-01-15T04:33:32,5820
591,128,2026-02-15T18:13:49,2026-02-15T19:31:49,4680
592,129,2026-05-03T02:08:22,2026-05-03T02:46:22,2280
593,130,2025-06-15T12:06:32,2025-06-15T13:39:32,5580
594,130,2026-05-21T18:57:04,2026-05-21T19:32:04,2100
595,130,2026-05-22T20:12:23,2026-05-22T20:24:23,720
596,130,2025-05-05T03:20:24,2025-05-05T04:50:24,5400
597,130,2025-06-12T09:06:31,2025-06-12T09:26:31,1200
598,130,2025-10-04T18:28:42,2025-10-04T19:32:42,3840
599,131,2025-07-05T17:10:56,2025-07-05T17:35:56,1500
600,131,2025-05-02T16:45:21,2025-05-02T17:41:21,3360
601,131,2025-12-11T01:22:48,2025-12-11T02:54:48,5520
602,131,2026-01-29T06:18:15,2026-01-29T07:27:15,4140
603,131,2026-02-14T20:15:00,2026-02-14T22:14:00,7140
604,132,2025-06-02T04:00:31,2025-06-02T05:33:31,5580
605,132,2025-02-27T03:33:02,2025-02-27T03:53:02,1200
606,132,2026-04-04T00:22:39,2026-04-04T01:48:39,5160
607,132,2026-05-01T07:31:09,2026-05-01T08:13:09,2520
608,132,2025-07-06T17:54:51,2025-07-06T18:46:51,3120
609,133,2024-10-13T17:14:41,2024-10-13T17:47:41,1980
610,133,2026-01-19T02:17:11,2026-01-19T02:39:11,1320
611,133,2026-03-18T13:45:15,2026-03-18T14:51:15,3960
612,133,2025-03-17T19:34:32,2025-03-17T19:58:32,1440
613,134,2026-05-01T12:20:23,2026-05-01T14:00:23,6000
614,134,2026-02-25T09:18:38,2026-02-25T10:40:38,4920
615,134,2025-02-18T01:27:24,2025-02-18T02:19:24,3120
616,134,2026-01-29T14:34:27,2026-01-29T15:32:27,3480
617,134,2024-12-17T22:24:39,2024-12-17T23:58:39,5640
618,134,2025-08-12T17:10:27,2025-08-12T18:25:27,4500
619,134,2026-01-03T19:55:05,2026-01-03T21:00:05,3900
620,134,2025-10-14T18:22:18,2025-10-14T20:03:18,6060
621,135,2026-05-03T14:38:59,2026-05-03T16:20:59,6120
622,135,2026-01-10T14:47:42,2026-01-10T15:23:42,2160
623,135,2025-09-15T11:32:51,2025-09-15T13:04:51,5520
624,135,2026-03-04T04:43:13,2026-03-04T06:24:13,6060
625,136,2026-05-19T23:37:28,2026-05-20T00:49:28,4320
626,136,2026-04-18T01:58:47,2026-04-18T03:00:47,3720
627,137,2026-05-28T18:01:23,2026-05-28T18:15:23,840
628,137,2026-03-06T08:19:46,2026-03-06T09:36:46,4620
629,137,2026-05-23T11:03:13,2026-05-23T11:22:13,1140
630,137,2026-03-19T23:13:09,2026-03-19T23:25:09,720
631,137,2026-01-04T06:33:38,2026-01-04T08:24:38,6660
632,137,2026-03-08T23:04:45,2026-03-09T00:19:45,4500
633,138,2025-11-12T21:31:01,2025-11-12T22:49:01,4680
634,138,2026-01-27T16:00:19,2026-01-27T17:13:19,4380
635,138,2025-06-03T09:48:16,2025-06-03T10:12:16,1440
636,138,2026-01-08T19:54:41,2026-01-08T20:20:41,1560
637,139,2025-04-03T02:53:55,2025-04-03T04:47:55,6840
638,139,2025-12-27T13:31:55,2025-12-27T14:42:55,4260
639,139,2026-04-06T12:52:22,2026-04-06T13:53:22,3660
640,139,2025-06-15T02:10:06,2025-06-15T02:29:06,1140
641,139,2026-03-10T16:54:22,2026-03-10T18:26:22,5520
642,139,2026-01-09T07:44:16,2026-01-09T08:15:16,1860
643,140,2026-05-03T00:36:27,2026-05-03T00:52:27,960
644,140,2026-04-25T19:01:18,2026-04-25T21:01:18,7200
645,140,2026-04-14T09:55:57,2026-04-14T11:05:57,4200
646,140,2026-02-08T11:42:42,2026-02-08T12:44:42,3720
647,140,2026-03-01T10:10:50,2026-03-01T11:58:50,6480
648,140,2026-01-30T14:15:53,2026-01-30T14:27:53,720
649,140,2025-11-29T21:50:27,2025-11-29T22:53:27,3780
650,140,2026-02-12T13:53:01,2026-02-12T14:14:01,1260
651,141,2026-06-05T07:33:54,2026-06-05T08:36:54,3780
652,141,2025-12-19T23:56:46,2025-12-20T01:13:46,4620
653,141,2025-09-30T15:08:20,2025-09-30T15:20:20,720
654,141,2026-04-15T09:06:46,2026-04-15T10:22:46,4560
655,141,2025-12-25T09:33:49,2025-12-25T10:37:49,3840
656,141,2026-02-04T05:33:02,2026-02-04T07:04:02,5460
657,141,2026-02-19T22:52:14,2026-02-20T00:40:14,6480
658,142,2026-01-27T19:48:27,2026-01-27T21:25:27,5820
659,142,2025-12-25T17:49:21,2025-12-25T17:56:21,420
660,142,2025-04-30T17:56:30,2025-04-30T18:51:30,3300
661,142,2026-04-27T09:28:33,2026-04-27T10:05:33,2220
662,142,2025-12-16T21:38:17,2025-12-16T23:27:17,6540
663,143,2026-05-02T03:22:11,2026-05-02T05:02:11,6000
664,144,2026-04-24T19:44:38,2026-04-24T21:03:38,4740
665,144,2026-01-07T20:32:58,2026-01-07T20:46:58,840
666,144,2026-03-04T06:39:27,2026-03-04T06:49:27,600
667,144,2026-01-25T19:28:05,2026-01-25T20:27:05,3540
668,145,2025-10-06T17:37:41,2025-10-06T19:11:41,5640
669,145,2025-09-13T04:02:46,2025-09-13T04:15:46,780
670,145,2026-05-04T10:37:01,2026-05-04T11:51:01,4440
671,145,2026-01-14T02:00:27,2026-01-14T02:12:27,720
672,145,2026-02-23T20:56:47,2026-02-23T22:55:47,7140
673,145,2026-05-04T08:38:07,2026-05-04T08:51:07,780
674,146,2025-04-26T17:09:39,2025-04-26T17:18:39,540
675,146,2025-11-29T19:50:13,2025-11-29T20:31:13,2460
676,146,2024-10-02T00:22:18,2024-10-02T01:19:18,3420
677,146,2025-10-30T09:46:16,2025-10-30T10:14:16,1680
678,146,2025-02-19T12:41:28,2025-02-19T14:24:28,6180
679,146,2024-11-29T15:04:57,2024-11-29T15:26:57,1320
680,146,2025-03-30T14:20:39,2025-03-30T16:03:39,6180
681,146,2026-04-06T10:18:21,2026-04-06T11:45:21,5220
682,147,2025-11-08T13:54:55,2025-11-08T14:46:55,3120
683,147,2026-01-11T09:17:50,2026-01-11T11:16:50,7140
684,147,2026-03-04T02:46:50,2026-03-04T03:39:50,3180
685,147,2025-07-02T13:30:32,2025-07-02T14:32:32,3720
686,147,2026-01-01T16:33:53,2026-01-01T18:29:53,6960
687,147,2026-05-13T14:02:55,2026-05-13T14:55:55,3180
688,147,2026-01-13T03:07:08,2026-01-13T04:00:08,3180
689,148,2025-09-04T17:17:55,2025-09-04T18:49:55,5520
690,148,2026-05-30T12:03:35,2026-05-30T13:32:35,5340
691,149,2024-12-27T02:43:45,2024-12-27T04:11:45,5280
692,149,2025-02-23T23:55:54,2025-02-24T01:50:54,6900
693,149,2025-07-30T06:14:25,2025-07-30T07:03:25,2940
694,150,2026-02-16T20:08:13,2026-02-16T20:35:13,1620
695,150,2026-03-24T08:04:08,2026-03-24T09:17:08,4380
696,151,2026-05-10T20:24:21,2026-05-10T21:36:21,4320
697,151,2025-11-17T16:15:02,2025-11-17T16:36:02,1260
698,151,2025-12-12T02:31:45,2025-12-12T04:09:45,5880
699,151,2026-04-30T01:02:17,2026-04-30T01:35:17,1980
700,151,2026-03-29T00:58:23,2026-03-29T02:49:23,6660
701,151,2026-01-05T12:00:07,2026-01-05T12:05:07,300
702,151,2026-02-14T23:35:22,2026-02-15T01:16:22,6060
703,152,2026-02-28T17:49:42,2026-02-28T18:32:42,2580
704,153,2026-02-11T14:46:56,2026-02-11T16:17:56,5460
705,153,2025-09-19T05:46:57,2025-09-19T07:23:57,5820
706,153,2025-11-21T17:38:46,2025-11-21T18:52:46,4440
707,153,2026-02-26T17:39:54,2026-02-26T18:38:54,3540
708,153,2025-09-09T04:04:37,2025-09-09T05:17:37,4380
709,153,2025-09-25T11:54:13,2025-09-25T12:47:13,3180
710,153,2025-12-13T16:06:18,2025-12-13T17:56:18,6600
711,153,2025-07-24T15:55:42,2025-07-24T16:29:42,2040
712,154,2026-03-06T22:08:07,2026-03-06T23:11:07,3780
713,154,2026-02-24T04:47:40,2026-02-24T05:36:40,2940
714,154,2026-02-20T03:33:13,2026-02-20T03:57:13,1440
715,154,2026-01-29T19:27:56,2026-01-29T20:07:56,2400
716,155,2025-11-16T00:18:36,2025-11-16T02:15:36,7020
717,155,2026-01-02T18:24:52,2026-01-02T20:01:52,5820
718,155,2025-10-18T15:37:31,2025-10-18T17:19:31,6120
719,155,2026-03-29T07:54:30,2026-03-29T08:13:30,1140
720,156,2025-09-24T17:51:01,2025-09-24T19:39:01,6480
721,157,2026-05-12T19:36:53,2026-05-12T20:59:53,4980
722,157,2026-05-14T00:33:34,2026-05-14T02:16:34,6180
723,157,2026-05-27T00:35:08,2026-05-27T02:33:08,7080
724,157,2026-05-16T22:35:55,2026-05-17T00:33:55,7080
725,157,2026-06-01T03:22:18,2026-06-01T03:29:18,420
726,157,2026-05-28T23:41:58,2026-05-29T00:16:58,2100
727,157,2026-06-01T11:45:53,2026-06-01T12:16:53,1860
728,158,2025-12-20T07:24:10,2025-12-20T07:41:10,1020
729,158,2025-10-10T10:38:06,2025-10-10T11:59:06,4860
730,159,2025-09-09T03:48:03,2025-09-09T04:50:03,3720
731,160,2025-10-29T10:21:32,2025-10-29T10:57:32,2160
732,161,2025-05-18T04:51:01,2025-05-18T05:47:01,3360
733,162,2025-06-27T21:49:23,2025-06-27T22:23:23,2040
734,162,2025-02-06T23:32:43,2025-02-07T00:46:43,4440
735,162,2025-05-13T09:11:19,2025-05-13T09:43:19,1920
736,162,2024-10-01T14:15:25,2024-10-01T15:56:25,6060
737,162,2026-03-24T12:56:01,2026-03-24T14:51:01,6900
738,162,2025-11-09T11:30:44,2025-11-09T13:14:44,6240
739,162,2024-12-27T22:11:23,2024-12-27T22:23:23,720
740,162,2025-04-21T16:02:46,2025-04-21T16:24:46,1320
741,163,2025-07-23T14:19:02,2025-07-23T14:53:02,2040
742,163,2025-07-27T02:17:58,2025-07-27T04:06:58,6540
743,163,2026-02-05T19:45:34,2026-02-05T21:23:34,5880
744,163,2025-10-27T08:59:28,2025-10-27T10:17:28,4680
745,163,2026-04-02T18:28:53,2026-04-02T19:13:53,2700
746,164,2025-08-11T12:38:02,2025-08-11T13:13:02,2100
747,164,2026-02-26T04:59:59,2026-02-26T05:42:59,2580
748,164,2026-05-26T18:16:08,2026-05-26T20:13:08,7020
749,164,2026-04-11T20:09:19,2026-04-11T20:32:19,1380
750,164,2025-12-31T02:56:41,2025-12-31T04:25:41,5340
751,164,2025-08-02T07:48:36,2025-08-02T08:59:36,4260
752,165,2024-08-24T07:08:23,2024-08-24T08:05:23,3420
753,165,2025-11-03T15:49:43,2025-11-03T16:32:43,2580
754,165,2025-03-23T14:57:55,2025-03-23T15:37:55,2400
755,165,2025-08-14T08:41:21,2025-08-14T08:53:21,720
756,166,2026-04-16T03:35:32,2026-04-16T05:00:32,5100
757,166,2026-04-08T17:21:21,2026-04-08T18:52:21,5460
758,166,2026-03-20T08:25:38,2026-03-20T09:24:38,3540
759,167,2024-12-01T22:55:21,2024-12-01T23:06:21,660
760,167,2024-08-20T15:51:58,2024-08-20T16:40:58,2940
761,167,2025-01-23T20:40:22,2025-01-23T22:07:22,5220
762,167,2026-05-12T01:48:54,2026-05-12T03:18:54,5400
763,167,2025-07-17T19:39:08,2025-07-17T20:32:08,3180
764,167,2024-10-08T08:52:23,2024-10-08T10:37:23,6300
765,167,2026-04-11T07:28:52,2026-04-11T08:40:52,4320
766,167,2024-08-31T12:13:28,2024-08-31T12:58:28,2700
767,168,2026-05-13T21:39:34,2026-05-13T22:36:34,3420
768,168,2026-05-22T17:47:46,2026-05-22T18:11:46,1440
769,168,2026-04-12T04:34:03,2026-04-12T05:17:03,2580
770,168,2026-05-31T00:30:01,2026-05-31T01:23:01,3180
771,168,2026-06-05T02:39:30,2026-06-05T03:07:30,1680
772,168,2026-04-10T04:51:42,2026-04-10T06:32:42,6060
773,168,2026-04-19T17:29:35,2026-04-19T18:42:35,4380
774,169,2024-12-23T05:04:27,2024-12-23T05:39:27,2100
775,169,2026-05-21T08:36:50,2026-05-21T10:29:50,6780
776,169,2025-11-09T11:55:12,2025-11-09T12:28:12,1980
777,169,2025-04-22T07:44:03,2025-04-22T08:27:03,2580
778,169,2024-11-03T11:43:00,2024-11-03T13:37:00,6840
779,169,2025-03-10T02:26:40,2025-03-10T04:01:40,5700
780,169,2024-11-29T07:55:36,2024-11-29T08:18:36,1380
781,169,2025-11-05T19:03:54,2025-11-05T20:51:54,6480
782,170,2026-05-18T15:14:57,2026-05-18T15:26:57,720
783,170,2025-08-21T03:02:11,2025-08-21T04:18:11,4560
784,170,2026-01-15T19:34:14,2026-01-15T20:31:14,3420
785,170,2026-01-07T21:36:01,2026-01-07T22:34:01,3480
786,170,2026-01-25T05:08:39,2026-01-25T06:24:39,4560
787,170,2025-03-26T04:06:13,2025-03-26T05:18:13,4320
788,170,2026-05-27T08:57:58,2026-05-27T09:19:58,1320
789,170,2025-11-11T18:26:55,2025-11-11T19:20:55,3240
790,171,2026-03-02T05:38:38,2026-03-02T06:15:38,2220
791,171,2026-03-29T11:21:46,2026-03-29T11:52:46,1860
792,171,2026-03-26T10:43:21,2026-03-26T11:30:21,2820
793,171,2026-01-28T23:47:45,2026-01-29T01:14:45,5220
794,172,2026-01-07T13:00:22,2026-01-07T14:02:22,3720
795,172,2025-09-05T12:04:12,2025-09-05T13:57:12,6780
796,173,2026-04-10T16:25:35,2026-04-10T16:41:35,960
797,173,2026-05-31T19:15:24,2026-05-31T20:28:24,4380
798,173,2026-02-22T01:56:41,2026-02-22T03:33:41,5820
799,173,2026-03-01T15:42:48,2026-03-01T17:33:48,6660
800,173,2026-03-22T17:36:47,2026-03-22T18:05:47,1740
801,173,2026-03-23T08:42:00,2026-03-23T08:53:00,660
802,174,2026-02-26T11:35:30,2026-02-26T12:28:30,3180
803,174,2025-12-17T05:37:59,2025-12-17T07:08:59,5460
804,174,2026-01-15T16:47:21,2026-01-15T18:09:21,4920
805,174,2026-02-16T20:36:59,2026-02-16T21:58:59,4920
806,174,2026-01-22T04:58:14,2026-01-22T05:08:14,600
807,175,2025-06-26T08:45:52,2025-06-26T09:14:52,1740
808,175,2025-08-28T15:26:00,2025-08-28T17:13:00,6420
809,176,2025-09-12T10:37:53,2025-09-12T11:43:53,3960
810,176,2026-02-17T01:21:06,2026-02-17T01:52:06,1860
811,176,2026-03-05T08:41:26,2026-03-05T10:37:26,6960
812,176,2026-04-30T00:24:48,2026-04-30T01:11:48,2820
813,177,2025-07-24T11:52:03,2025-07-24T11:58:03,360
814,177,2025-03-07T17:31:51,2025-03-07T18:03:51,1920
815,177,2024-08-18T20:30:54,2024-08-18T20:59:54,1740
816,177,2025-01-20T07:05:38,2025-01-20T08:44:38,5940
817,177,2025-03-05T06:43:42,2025-03-05T07:03:42,1200
818,178,2025-11-05T14:39:24,2025-11-05T15:15:24,2160
819,178,2026-03-18T16:09:42,2026-03-18T17:43:42,5640
820,178,2025-05-25T07:17:28,2025-05-25T08:39:28,4920
821,178,2025-09-28T07:44:22,2025-09-28T09:19:22,5700
822,178,2025-10-22T12:03:36,2025-10-22T12:34:36,1860
823,178,2025-08-31T16:01:18,2025-08-31T16:56:18,3300
824,178,2026-02-24T05:34:09,2026-02-24T06:09:09,2100
825,178,2025-06-28T03:59:23,2025-06-28T05:14:23,4500
826,179,2026-05-25T13:05:57,2026-05-25T14:49:57,6240
827,179,2025-09-19T04:28:21,2025-09-19T05:09:21,2460
828,179,2025-07-22T07:05:04,2025-07-22T07:58:04,3180
829,179,2025-10-20T21:28:08,2025-10-20T22:32:08,3840
830,179,2025-07-17T01:11:50,2025-07-17T02:24:50,4380
831,179,2025-05-23T00:53:48,2025-05-23T02:21:48,5280
832,180,2025-10-04T03:51:14,2025-10-04T04:35:14,2640
833,180,2025-11-14T10:29:58,2025-11-14T11:07:58,2280
834,180,2026-01-08T11:08:13,2026-01-08T11:59:13,3060
835,180,2026-04-30T02:11:58,2026-04-30T03:21:58,4200
836,180,2026-04-20T01:22:53,2026-04-20T03:19:53,7020
837,180,2026-01-01T02:01:58,2026-01-01T03:09:58,4080
838,181,2025-11-21T06:06:39,2025-11-21T06:23:39,1020
839,181,2025-07-21T23:57:51,2025-07-22T01:44:51,6420
840,181,2025-12-02T17:29:09,2025-12-02T19:06:09,5820
841,181,2026-02-26T03:50:53,2026-02-26T04:55:53,3900
842,181,2025-09-29T19:14:22,2025-09-29T20:56:22,6120
843,181,2026-03-02T10:53:41,2026-03-02T12:45:41,6720
844,181,2025-11-07T00:33:19,2025-11-07T01:18:19,2700
845,181,2026-06-04T19:17:00,2026-06-04T19:48:00,1860
846,182,2025-11-03T20:44:47,2025-11-03T21:29:47,2700
847,182,2026-01-31T11:58:00,2026-01-31T12:55:00,3420
848,182,2026-02-15T20:13:15,2026-02-15T20:23:15,600
849,182,2026-01-28T21:43:59,2026-01-28T23:00:59,4620
850,182,2026-01-07T03:26:11,2026-01-07T05:21:11,6900
851,182,2025-08-21T09:00:01,2025-08-21T09:33:01,1980
852,183,2026-03-26T22:43:55,2026-03-26T22:50:55,420
853,183,2025-01-17T09:34:45,2025-01-17T10:12:45,2280
854,183,2025-11-18T00:07:06,2025-11-18T01:22:06,4500
855,184,2026-05-21T03:03:08,2026-05-21T03:45:08,2520
856,184,2025-12-12T00:57:17,2025-12-12T01:21:17,1440
857,184,2026-03-31T07:43:08,2026-03-31T08:13:08,1800
858,184,2025-11-14T02:17:52,2025-11-14T03:04:52,2820
859,184,2025-08-18T21:46:41,2025-08-18T22:20:41,2040
860,184,2025-09-13T07:55:41,2025-09-13T08:48:41,3180
861,184,2025-11-05T18:25:48,2025-11-05T19:42:48,4620
862,185,2026-05-30T14:13:45,2026-05-30T15:21:45,4080
863,185,2026-05-31T18:00:50,2026-05-31T19:15:50,4500
864,185,2026-04-06T18:15:31,2026-04-06T19:43:31,5280
865,185,2026-04-30T21:55:28,2026-04-30T23:27:28,5520
866,186,2025-09-04T15:51:57,2025-09-04T16:28:57,2220
867,186,2024-07-15T07:48:58,2024-07-15T09:30:58,6120
868,186,2026-01-27T19:13:35,2026-01-27T21:03:35,6600
869,186,2026-01-22T11:42:59,2026-01-22T12:49:59,4020
870,186,2024-10-28T03:38:07,2024-10-28T05:15:07,5820
871,186,2025-06-14T12:36:52,2025-06-14T14:03:52,5220
872,187,2026-06-05T02:19:01,2026-06-05T03:22:01,3780
873,187,2026-05-06T07:06:01,2026-05-06T07:32:01,1560
874,187,2026-03-03T13:49:50,2026-03-03T15:27:50,5880
875,187,2026-01-25T00:49:30,2026-01-25T02:35:30,6360
876,187,2026-05-03T19:57:58,2026-05-03T20:47:58,3000
877,187,2026-05-25T12:26:24,2026-05-25T12:52:24,1560
878,187,2025-12-20T23:39:52,2025-12-21T00:01:52,1320
879,187,2026-05-17T02:02:16,2026-05-17T03:39:16,5820
880,188,2026-02-22T12:39:58,2026-02-22T13:07:58,1680
881,188,2026-03-06T06:05:25,2026-03-06T08:03:25,7080
882,188,2026-02-19T16:22:47,2026-02-19T17:36:47,4440
883,188,2026-02-17T07:17:24,2026-02-17T08:44:24,5220
884,188,2026-04-26T02:05:55,2026-04-26T02:17:55,720
885,188,2026-01-06T06:31:15,2026-01-06T07:43:15,4320
886,188,2026-06-01T12:22:34,2026-06-01T12:31:34,540
887,188,2026-01-17T04:32:54,2026-01-17T06:24:54,6720
888,189,2025-05-16T07:12:25,2025-05-16T09:01:25,6540
889,189,2025-07-18T20:50:30,2025-07-18T22:20:30,5400
890,190,2026-05-28T01:55:48,2026-05-28T03:37:48,6120
891,191,2026-05-07T09:16:19,2026-05-07T10:13:19,3420
892,192,2026-04-10T13:24:01,2026-04-10T15:16:01,6720
893,192,2025-12-29T18:09:34,2025-12-29T19:34:34,5100
894,192,2026-05-18T14:02:44,2026-05-18T14:36:44,2040
895,193,2026-04-26T04:50:04,2026-04-26T06:25:04,5700
896,193,2026-01-16T12:13:10,2026-01-16T12:37:10,1440
897,194,2025-12-17T16:22:24,2025-12-17T16:54:24,1920
898,195,2026-02-09T05:55:44,2026-02-09T06:47:44,3120
899,195,2026-03-25T05:17:48,2026-03-25T05:29:48,720
900,195,2026-03-13T03:48:16,2026-03-13T05:12:16,5040
901,195,2026-03-26T22:06:20,2026-03-26T23:32:20,5160
902,195,2026-02-14T15:46:27,2026-02-14T17:16:27,5400
903,195,2026-04-11T15:07:58,2026-04-11T16:30:58,4980
904,195,2026-05-03T01:43:58,2026-05-03T02:49:58,3960
905,195,2026-01-23T08:54:17,2026-01-23T10:23:17,5340
906,196,2026-05-14T17:33:16,2026-05-14T17:40:16,420
907,196,2026-04-13T10:08:50,2026-04-13T10:13:50,300
908,196,2026-03-25T11:57:44,2026-03-25T13:10:44,4380
909,196,2025-11-06T01:26:04,2025-11-06T02:41:04,4500
910,196,2025-12-27T20:36:42,2025-12-27T21:33:42,3420
911,196,2026-05-05T08:25:16,2026-05-05T08:31:16,360
912,196,2026-03-05T12:14:37,2026-03-05T12:21:37,420
913,196,2026-04-27T14:30:29,2026-04-27T15:42:29,4320
914,197,2026-02-02T17:23:34,2026-02-02T18:36:34,4380
915,197,2025-04-05T11:15:55,2025-04-05T11:56:55,2460
916,197,2025-08-01T11:45:10,2025-08-01T11:52:10,420
917,197,2025-09-19T19:26:28,2025-09-19T20:35:28,4140
918,197,2026-04-26T23:20:54,2026-04-27T01:09:54,6540
919,198,2024-12-10T13:34:06,2024-12-10T15:22:06,6480
920,198,2025-04-11T12:33:26,2025-04-11T13:00:26,1620
921,198,2025-08-06T02:22:51,2025-08-06T02:40:51,1080
922,198,2026-02-24T03:37:44,2026-02-24T03:54:44,1020
923,198,2025-09-11T06:59:16,2025-09-11T08:11:16,4320
924,198,2024-12-03T02:51:04,2024-12-03T03:15:04,1440
925,198,2024-09-22T05:28:13,2024-09-22T06:03:13,2100
926,199,2026-05-23T11:31:38,2026-05-23T12:55:38,5040
927,199,2026-05-07T01:15:04,2026-05-07T02:27:04,4320
928,199,2025-07-23T23:53:19,2025-07-24T00:30:19,2220
929,199,2025-05-22T03:26:37,2025-05-22T05:15:37,6540
930,200,2026-01-05T05:14:09,2026-01-05T05:53:09,2340
931,200,2025-05-19T11:20:38,2025-05-19T13:06:38,6360
932,200,2026-03-21T17:55:52,2026-03-21T18:50:52,3300
933,200,2025-07-20T05:58:44,2025-07-20T06:13:44,900
934,200,2025-10-30T09:09:26,2025-10-30T10:01:26,3120
935,200,2025-08-04T23:30:07,2025-08-05T00:26:07,3360
